﻿<?xml version="1.0" encoding="UTF-8"?>
<beans xmlns="http://www.springframework.org/schema/beans"
	xmlns:xsi="http://www.w3.org/2001/XMLSchema-instance"
	xsi:schemaLocation="http://www.springframework.org/schema/beans http://www.springframework.org/schema/beans/spring-beans-3.1.xsd"
	default-lazy-init="true">
	
	<!-- 所有ACTION都继承此类 -->
	<bean id="baseAction" class="com.scholarship.webapp.action.BaseAction" scope="prototype">
		<property name="baseService" ref="baseService"/>
		<!-- <property name="logManager" ref="logManager"></property> -->
	</bean>
	
	<!-- 页面框架 -->
	<bean name="frameAction" class="com.scholarship.webapp.action.layout.FrameAction" scope="prototype" parent="baseAction"></bean>
	
	<!-- 账户 -->
	<bean id="accountAction" class="com.scholarship.webapp.action.account.AccountAction" scope="prototype" parent="baseAction">
		<property name="accountService" ref="accountService"></property>
		<property name="roleService" ref="roleService"></property>
		<property name="collegeService" ref="collegeService"></property>
		<property name="gradeService" ref="gradeService"></property>
		<property name="auditService" ref="auditService"></property>
	</bean>
	<bean id="loginAction" class="com.scholarship.webapp.action.account.LoginAction" scope="prototype" parent="baseAction">
		<property name="accountService" ref="accountService"></property>
		<property name="loginService" ref="loginService"></property>
		<property name="auditService" ref="auditService"></property>
	</bean>
	
	
	<!-- Role 角色ACTION -->
	<bean id="roleAction" class="com.scholarship.webapp.action.role.RoleAction" scope="prototype" parent="baseAction">
		<property name="roleService" ref="roleService"></property>
	</bean>
	<bean id="selectCollegeAction" class="com.scholarship.webapp.action.role.SelectCollegeAction" scope="prototype" parent="baseAction">
		<property name="collegeService" ref="collegeService"></property>
	</bean>
	<bean id="selectGradeAction" class="com.scholarship.webapp.action.role.SelectGradeAction" scope="prototype" parent="baseAction">
		<property name="gradeService" ref="gradeService"></property>
	</bean>
	<!-- Grade 年级ACTION -->
	<bean id="gradeAction" class="com.scholarship.webapp.action.grade.GradeAction" scope="prototype" parent="baseAction">
		<property name="gradeService" ref="gradeService"></property>
		<property name="collegeService" ref="collegeService"></property>
	</bean>
	<!-- College 学院ACTION -->
	<bean id="collegeAction" class="com.scholarship.webapp.action.college.CollegeAction" scope="prototype" parent="baseAction">
		<property name="collegeService" ref="collegeService"></property>
	</bean>
	<!-- Scholarship 学金ACTION -->
	<bean id="scholarshipAction" class="com.scholarship.webapp.action.scholarship.ScholarshipAction" scope="prototype" parent="baseAction">
		<property name="scholarshipService" ref="scholarshipService"></property>
	</bean>
	<!-- Audit 审计ACTION -->
	<bean id="auditAction" class="com.scholarship.webapp.action.audit.AuditAction" scope="prototype" parent="baseAction">
		<property name="auditService" ref="auditService"/>
		<property name="accountService" ref="accountService"/>
	</bean>
	<!-- Datas 数据ACTION -->
	<bean id="datasAction" class="com.scholarship.webapp.action.datas.DatasAction" scope="prototype" parent="baseAction">
		<property name="auditService" ref="auditService"/>
		<property name="datasService" ref="datasService"/>
		<property name="accountService" ref="accountService"/>
		<property name="collegeService" ref="collegeService"/>
		<property name="gradeService" ref="gradeService"/>
		<property name="applyService" ref="applyService"/>
	</bean>
	<bean id="applyAction" class="com.scholarship.webapp.action.apply.ApplyAction">
		<property name="applyService" ref="applyService"/>
		<property name="accountService" ref="accountService"/>
		<property name="datasService" ref="datasService"/>
		<property name="auditService" ref="auditService"/>
		<property name="roleService" ref="roleService"/>
		<property name="scholarshipService" ref="scholarshipService"/>
		<property name="collegeService" ref="collegeService"/>
		<property name="gradeService" ref="gradeService"/>
	</bean>
	<!-- 关于 -->
	<bean id="aboutAction" class="com.scholarship.webapp.action.about.AboutAction" scope="prototype" parent="baseAction">
	</bean>
	
</beans>




