<?xml version="1.0" encoding="UTF-8"?>

<!DOCTYPE struts PUBLIC
    "-//Apache Software Foundation//DTD Struts Configuration 2.1//EN"
    "http://struts.apache.org/dtds/struts-2.1.dtd">

<struts>

	<package name="apply" extends="struts-default" namespace="/apply">

		<action name="query" class="applyAction" method="query">
			<result name="success">/pages/apply/applyList.jsp</result>
		</action>
		
		<action name="execute" class="applyAction" method="execute">
			<result name="success" type="redirect">/apply/query.action</result>
		</action>
	</package>
	
</struts>	