<?xml version="1.0" encoding="UTF-8" ?>
<!DOCTYPE mapper PUBLIC "-//mybatis.org//DTD Mapper 3.0//EN"
"http://mybatis.org/dtd/mybatis-3-mapper.dtd">

<!-- 这里的namespace名字必须为执行该sql的dao地址  -->
<mapper namespace="com.scholarship.dao.grade.impl.GradeDaoImpl">
	
	<resultMap type="com.scholarship.module.grade.Grade" id="grade">
        <result property="id" 			column="id"				/>
        <result property="status"		column="status"			/>
        <result	property="major"		column="major"			/>
        <result property="name" 		column="name"			/>
        <result property="edubg" 		column="edubg"			/>
		<result property="grade" 		column="grade"			/>
        <result property="stay" 		column="stay"			/>
        <result property="memo" 		column="memo"			/>
        <result	property="createdate" 	column="createdate"		/>
        <result property="updatedate"	column="updatedate"		/>
        <association property="college" column="college_id"		javaType="college" select="com.scholarship.dao.college.impl.CollegeDaoImpl.college_queryById"/>
    </resultMap>
    
    <!-- 外键映射成对象 resultMap 可添加 association(放在result后) selsect为namespace.select.id  
    <resultMap type="com.scholarship.module.college.College" id="college">
        <result property="id" 			column="id"			/>  
        <result property="name" 		column="name"		/>
        <result property="memo"		column="memo"		/>
    </resultMap> 
   	<select id="college_queryById" resultMap="college">
		<![CDATA[
			SELECT * FROM COLLEGE WHERE ID=#{id}
		]]>
	</select>
    -->
     
    <select id="grade_count" parameterType="java.util.HashMap" resultType="int">
    	<![CDATA[
    		SELECT COUNT(*) FROM grade WHERE 1=1
    	]]>
    	<if test="name != null">
    		<![CDATA[
    			AND NAME LIKE CONCAT('%',#{name},'%')
    		]]>
    	</if>
    	<if test="status != null">
    		<![CDATA[
    			AND STATUS = #{status}
    		]]>
    	</if>
    	<if test="collegeId != null">
    		<![CDATA[
    			AND COLLEGE_ID = #{collegeId}
    		]]>
    	</if>
    	<if test="grade != null">
    		<![CDATA[
    			AND GRADE LIKE CONCAT('%',#{grade},'%')
    		]]>
    	</if>
    	<if test="edubg !=null ">
    		<![CDATA[
    			AND EDUBG LIKE CONCAT('%',#{edubg},'%')
    		]]>
    	</if>
    </select> 
     
    <select id="grade_query" parameterType="java.util.HashMap" resultMap="grade">
    	<![CDATA[
    		SELECT * FROM grade WHERE 1=1
    	]]>
    	<if test="name != null">
    		<![CDATA[
    			AND NAME LIKE CONCAT('%',#{name},'%')
    		]]>
    	</if>
    	<if test="status != null and status != 0">
    		<![CDATA[
    			AND STATUS = #{status}
    		]]>
    	</if>
    	<if test="collegeId != null and collegeId != 0">
    		<![CDATA[
    			AND COLLEGE_ID = #{collegeId}
    		]]>
    	</if>
    	<if test="grade != null and grade != 0">
    		<![CDATA[
    			AND GRADE LIKE CONCAT('%',#{grade},'%')
    		]]>
    	</if>
    	<if test="edubg !=null ">
    		<![CDATA[
    			AND EDUBG LIKE CONCAT('%',#{edubg},'%')
    		]]>
    	</if>
    	<if test="order != null">
    		<![CDATA[
    			ORDER BY ${order} DESC
    		]]>
    	</if>
    </select>
     
	<select id="grade_queryAll" resultMap="grade">
		<![CDATA[ 
			SELECT * FROM grade WHERE 1=1
        ]]>
	</select>
	
	<select id="grade_queryById" resultMap="grade">
		<![CDATA[ 
			SELECT * FROM grade WHERE ID=#{id}
        ]]>
	</select>
	
	<select id="grade_queryByName" resultMap="grade">
		<![CDATA[ 
			SELECT * FROM grade WHERE NAME=#{name}
        ]]>
	</select>
	
	<select id="grade_queryByRole" parameterType="role" resultMap="grade">
		<![CDATA[
			SELECT * FROM grade WHERE ID IN (SELECT GRADE_ID FROM relation rel WHERE rel.ROLE_ID = #{id})
		]]>
	</select>
	
	<select id="grade_queryByCollege" parameterType="college" resultMap="grade">
		<![CDATA[
			SELECT * FROM grade WHERE COLLEGE_ID=#{id}
		]]>
	</select>
	
	<!-- 类对象属性通过.来取 如college.id -->
	<select id="grade_queryByGrade" parameterType="grade" resultMap="grade">
			SELECT * FROM grade WHERE 1=1
			<if test="college!=null">
				<![CDATA[
					AND COLLEGE_ID=#{college.id}
				]]>
			</if>
			<if test="name!=null">
				<![CDATA[
					AND NAME=#{name}
				]]>
			</if>
			<if test="edubg!=null">
				<![CDATA[
					AND EDUBG=#{edubg}
				]]>
			</if>
			<if test="grade!=null">
				<![CDATA[
					AND grade=#{grade}
				]]>
			</if>
			<if test="stay!=0">
				<![CDATA[
					AND STAY=#{stay}
				]]>
			</if>
	</select>
	
	<!-- 添加如下代码会自动覆盖传如对象ID值   方法直接返回影响行数(如返回-2147482646 请修改defaultExecutorType不为BATCH)-->
	<insert id="grade_insert" parameterType="grade" useGeneratedKeys="true" keyColumn="id">
		<![CDATA[
			INSERT INTO grade 
			(COLLEGE_ID, STATUS, MAJOR, NAME, EDUBG, grade, STAY, MEMO,CREATEDATE,UPDATEDATE) 
			VALUES (#{college.id},
					#{status},
					#{major},
					#{name},
					#{edubg},
					#{grade},
					#{stay},
					#{memo},
					now(),
					now()
					)
		]]>
		<selectKey resultType="int" order="AFTER" keyProperty="id">
			SELECT LAST_INSERT_ID()
		</selectKey>
	</insert>
	
	<update id="grade_update" parameterType="grade">
		<![CDATA[
			UPDATE grade 
			SET COLLEGE_ID=#{college.id},
				STATUS=#{status},
				MAJOR=#{major},
				NAME=#{name},
				EDUBG=#{edubg},
				grade=#{grade},
				STAY=#{stay},
				memo=#{memo},
				UPDATEDATE=now()
			WHERE ID=#{id}
		]]>
	</update>
	
	<delete id="grade_delete" parameterType="grade">
		<![CDATA[
			DELETE FROM grade WHERE ID=#{id}
		]]>
	</delete>
	
	<delete id="grade_deleteById">
		<![CDATA[
			DELETE FROM grade WHERE ID=#{id}
		]]>
	</delete>
	
</mapper>