<?xml version="1.0" encoding="UTF-8" ?>
<!DOCTYPE mapper PUBLIC "-//mybatis.org//DTD Mapper 3.0//EN"
"http://mybatis.org/dtd/mybatis-3-mapper.dtd">

<!-- 这里的namespace名字必须为执行该sql的dao地址  -->
<mapper namespace="com.scholarship.dao.audit.impl.AuditDaoImpl">
	
	<resultMap type="com.scholarship.module.audit.Audit" id="audit">
        <result property="id" 				column="id"				/>
		<result property="accountId"		column="account_id"		/>
        <result property="accountName" 		column="account_name"	/>
		<result property="operationTime" 	column="operation_time"	/>
		<result property="operation" 		column="operation"		/>
		<result	property="note"				column="note"			/>
        <result property="sourceIP" 		column="source_ip"		/>
        <association property="account"		column="account_id" javaType="account" 	select="com.scholarship.dao.account.impl.AccountDaoImpl.account_queryById"/>
    </resultMap>
     
	<select id="audit_count" parameterType="java.util.HashMap" resultType="int">
		<![CDATA[
			SELECT COUNT(*) FROM audit WHERE 1=1
		]]>
		<if test="keyword != null">
			AND account_name LIKE CONCAT('%',#{keyword},'%')
		</if>
		<if test="accountName != null">
			AND account_name LIKE CONCAT('%',#{accountName},'%')
		</if>
		<if test="operation != null">
			AND OPERATION LIKE CONCAT('%',#{operation},'%')
		</if>
		<if test="note != null">
			AND NOTE LIKE CONCAT('%',#{note},'%')
		</if>
		<if test="sourceIP != null">
			AND source_ip LIKE CONCAT('%',#{sourceIP},'%')
		</if>
		<if test="startDate != null">
			<![CDATA[
			AND operation_time >= '${startDate} 0:00:00'
			]]>
		</if>
		<if test="endDate != null">
			<![CDATA[
			AND operation_time <= '${endDate} 23:59:59'
			]]>
		</if>
	</select>
	
	<select id="audit_query" parameterType="java.util.HashMap" resultMap="audit">
		<![CDATA[
			SELECT * FROM audit WHERE 1=1
		]]>
		<if test="keyword != null">
			AND account_name LIKE CONCAT('%',#{keyword},'%')
		</if>
		<if test="accountName != null">
			AND account_name LIKE CONCAT('%',#{accountName},'%')
		</if>
		<if test="operation != null">
			AND OPERATION LIKE CONCAT('%',#{operation},'%')
		</if>
		<if test="note != null">
			AND NOTE LIKE CONCAT('%',#{note},'%')
		</if>
		<if test="sourceIP != null">
			<![CDATA[
			AND source_ip LIKE CONCAT('%',#{sourceIP},'%')
			]]>
		</if>
		<if test="startDate != null">
			<![CDATA[
			AND operation_time >= '${startDate} 0:00:00'
			]]>
		</if>
		<if test="endDate != null">
			<![CDATA[
			AND operation_time <= '${endDate} 23:59:59'
			]]>
		</if>
		 ORDER BY ID DESC
	</select>
	
	<select id="audit_queryById" resultMap="audit">
		<![CDATA[
			SELECT * FROM audit WHERE ID=#{id}
		]]>
	</select>
	
	<insert id="audit_insert" parameterType="audit" useGeneratedKeys="true" keyColumn="id">
		<![CDATA[
			INSERT INTO audit (ACCOUNT_ID,OPERATION_TIME,OPERATION,NOTE,SOURCE_IP,ACCOUNT_NAME)
			VALUES(#{accountId},
					#{operationTime},
					#{operation},
					#{note},
					#{sourceIP},
					#{accountName}
					)
		]]>
		<selectKey resultType="int" order="AFTER" keyProperty="id">
			SELECT LAST_INSERT_ID()
		</selectKey>
	</insert>
	
	<!-- 删除所有 -->
	<delete id="audit_deleteAll">
		DELETE FROM audit
	</delete>
	
	<!-- 根据账户ID更新账户名称  -->
	<update id="audit_updateAccountName" parameterType="java.util.HashMap">
		<![CDATA[
			UPDATE audit
				SET 
					ACCOUNT_NAME= #{accountName}
				WHERE 
					ACCOUNT_ID	= #{accountId}
		]]>
	</update>
</mapper>