<?xml version="1.0" encoding="UTF-8" ?>
<!DOCTYPE configuration PUBLIC "-//mybatis.org//DTD Config 3.0//EN"
"http://mybatis.org/dtd/mybatis-3-config.dtd">
<configuration>
	<!-- 配置mybatis的缓存，延迟加载等等一系列属性 -->
	<settings>
		<!-- 全局映射器启用缓存 -->
		<setting name="cacheEnabled" value="true" />
		<!-- 查询时，关闭关联对象即时加载以提高性能 -->
		<setting name="lazyLoadingEnabled" value="true" />
		<!-- 设置关联对象加载的形态，此处为按需加载字段(加载字段由SQL指 定)，不会加载关联表的所有字段，以提高性能 -->
		<setting name="aggressiveLazyLoading" value="false" />
		<!-- 对于未知的SQL查询，允许返回不同的结果集以达到通用的效果 -->
		<setting name="multipleResultSetsEnabled" value="true" />
		<!-- 允许使用列标签代替列名 -->
		<setting name="useColumnLabel" value="true" />
		<!-- 允许使用自定义的主键值(比如由程序生成的UUID 32位编码作为键值)，数据表的PK生成策略将被覆盖 -->
		<!-- <setting name="useGeneratedKeys" value="true" /> -->
		<!-- 给予被嵌套的resultMap以字段-属性的映射支持 -->
		<setting name="autoMappingBehavior" value="FULL" />
		<!-- 对于批量更新操作缓存SQL以提高性能 -->
		<!-- SIMPLE 简单  REUSE 重复  BATCH 批量  -->
		<!-- MyBatis发现更新和插入返回值一直为"-2147482646"的错误是由defaultExecutorType设置引起的，如果设置为batch，更新返回值就会丢失。 -->
		<!-- If the batch executor is in use, the update counts are being lost. ”  -->
		<setting name="defaultExecutorType" value="SIMPLE" />
		<!-- 数据库超过25000秒仍未响应则超时 -->
		<setting name="defaultStatementTimeout" value="25000" />
	</settings>
	<!-- 全局别名设置，在映射文件中只需写别名，而不必写出整个类路径 -->
	<!-- <typeAliases>
		<typeAlias alias="TestBean"
			type="com.wotao.taotao.persist.test.dataobject.TestBean" />
	</typeAliases> -->
	<typeAliases>
		<typeAlias alias="account" 		type="com.scholarship.module.account.Account" />
		<typeAlias alias="role" 		type="com.scholarship.module.role.Role" />
		<typeAlias alias="college" 		type="com.scholarship.module.college.College" />
		<typeAlias alias="grade" 		type="com.scholarship.module.grade.Grade" />
		<typeAlias alias="scholarship" 	type="com.scholarship.module.scholarship.Scholarship" />
		<typeAlias alias="audit"		type="com.scholarship.module.audit.Audit"/>
		<typeAlias alias="apply"		type="com.scholarship.module.apply.Apply"/>
		<typeAlias alias="datas"		type="com.scholarship.module.datas.Datas"/>
	</typeAliases>
	
	<!-- 非注解的sql映射文件配置，如果使用mybatis注解，该mapper无需配置，但是如果mybatis注解中包含@resultMap注解，则mapper必须配置，给resultMap注解使用 -->
	<mappers>
		<mapper resource="sqlmap/account/accountSQL.xml" />
		<mapper resource="sqlmap/role/roleSQL.xml"/>
		<mapper resource="sqlmap/college/collegeSQL.xml"/>
		<mapper resource="sqlmap/grade/gradeSQL.xml"/>
		<mapper resource="sqlmap/scholarship/scholarshipSQL.xml"/>
		<mapper	resource="sqlmap/audit/auditSQL.xml"/>
		<mapper	resource="sqlmap/apply/applySQL.xml"/>
		<mapper resource="sqlmap/datas/datasSQL.xml"/>
	</mappers>
</configuration>